{
  "stats": {
    "submitted": 1,
    "finished": 0,
    "running": 1
  },
  "data": [
    [
      1,
      null,
      619251734,
      null,
      2147483647.0,
      0.0,
      0,
      0.0,
      0.0,
      {}
    ]
  ],
  "configs": {
    "1": {
      "dcd": 0.3150791330263,
      "eff": 0.3722509909421,
      "isp": 0.6960350116715,
      "obp": 0.6723859235644
    }
  },
  "config_origins": {
    "1": "Initial Design: Sobol"
  }
}